number,package_name,status,delta,accuracy
+18009378997,com.allinone.callerid,blocked,1,45688796,1
+18666257291,com.allinone.callerid,blocked,1,433102131,0,999999821
+18775875726,com.allinone.callerid,blocked,1,431977987,0,999999821
+18335258081,com.allinone.callerid,blocked,1,424335957,0,999999821
+18778235399,com.allinone.callerid,blocked,1,420982122,1
+18102725120,com.allinone.callerid,blocked,1,403681993,0,99999851
+18888996650,com.allinone.callerid,blocked,1,40180707,0,999999821
+13033238692,com.allinone.callerid,blocked,1,398355961,1
+15052530591,com.allinone.callerid,blocked,1,39350915,1
+17204563720,com.allinone.callerid,blocked,1,389413118,1
+18008068840,com.allinone.callerid,blocked,1,388104916,0,99999851
+16058844130,com.allinone.callerid,blocked,1,383662939,1
+18553066998,com.allinone.callerid,blocked,1,382059097,0,99999851
+18665320423,com.allinone.callerid,blocked,1,381296158,0,999311686
+18889346489,com.allinone.callerid,blocked,1,38119626,1
+18662507212,com.allinone.callerid,blocked,1,377542734,0,999999821
+17189356740,com.allinone.callerid,blocked,1,375431061,1
+18882224227,com.allinone.callerid,blocked,1,374058008,0,999314368
+18002927508,com.allinone.callerid,blocked,1,37252593,1
+18776983261,com.allinone.callerid,blocked,1,367982864,1
+18442069035,com.allinone.callerid,blocked,1,367872,0,99999851
+18442068573,com.allinone.callerid,blocked,1,366851091,0,99999851
+18779473639,com.allinone.callerid,blocked,1,363946915,0,99999851
+18557077328,com.allinone.callerid,blocked,1,36341691,0,999999821
+18558953393,com.allinone.callerid,blocked,1,360818863,1
+18669145806,com.allinone.callerid,blocked,1,360503912,1
+18003219637,com.allinone.callerid,blocked,1,360183001,0,999999821
+18554197365,com.allinone.callerid,blocked,1,3585639,0,99999851
+18776478552,com.allinone.callerid,blocked,1,356388092,0,99999851
+18009460332,com.allinone.callerid,blocked,1,352572203,1
+31857325695,com.allinone.callerid,blocked,1,343959808,0,99999851
+18009423767,com.allinone.callerid,blocked,1,310642004,0,999827743
+13132631171,com.allinone.callerid,allowed,1,296675205,1
+31103188856,com.allinone.callerid,allowed,1,259147167,1
+31202119920,com.allinone.callerid,allowed,1,257795811,1
+31202265194,com.allinone.callerid,allowed,1,256505251,0,999993682
+31316550003,com.allinone.callerid,allowed,1,245573997,1
+31103180406,com.allinone.callerid,allowed,1,243808031,1
+31202279303,com.allinone.callerid,allowed,1,241553783,1
+31202091180,com.allinone.callerid,allowed,1,23861599,1
+15862500071,com.allinone.callerid,allowed,1,233659029,0,999993682
+31580502130,com.allinone.callerid,allowed,1,232303858,1
+31612616455,com.allinone.callerid,allowed,1,232186794,0,999993682
+31332096457,com.allinone.callerid,allowed,1,231935024,0,999993682
+31882716420,com.allinone.callerid,allowed,1,22979784,1
+31620348959,com.allinone.callerid,allowed,1,229385138,1
+18558440114,com.allinone.callerid,allowed,1,225802898,0,999993682
+31202134531,com.allinone.callerid,allowed,1,225430012,1
+18003535920,com.allinone.callerid,allowed,1,222428083,0,999993682
+31570768301,com.allinone.callerid,allowed,1,221894979,0,999993682
+31332096712,com.allinone.callerid,allowed,1,221583843,1
+31623197835,com.allinone.callerid,allowed,1,220647097,1
+31534876888,com.allinone.callerid,allowed,1,220108032,1
+31644196164,com.allinone.callerid,allowed,1,219928741,0,999993682
+31617407181,com.allinone.callerid,allowed,1,218542099,0,999993682
+31625277365,com.allinone.callerid,allowed,1,217862844,0,999993682
+31402291122,com.allinone.callerid,allowed,1,217581034,1
+31332096980,com.allinone.callerid,allowed,1,213798761,1
+16147582335,com.allinone.callerid,allowed,1,213397264,0,999993682
+31887226600,com.allinone.callerid,allowed,1,21314311,1
+31103180407,com.allinone.callerid,allowed,1,2117939,0,999993682
+31702071241,com.allinone.callerid,allowed,1,211619854,1
+31332137540,com.allinone.callerid,allowed,1,211206913,0,999993682
+31134634900,com.allinone.callerid,allowed,1,209412098,0,999993682
+31207060014,com.allinone.callerid,allowed,1,208240032,0,999993682
+31683827962,com.allinone.callerid,allowed,1,207518816,1
+31307125776,com.allinone.callerid,allowed,1,207516909,0,999993682
+12065390456,com.allinone.callerid,allowed,1,206728935,0,999993682
+31402071474,com.allinone.callerid,allowed,1,202718019,1
+31852087866,com.allinone.callerid,allowed,1,202634096,1
+31850870183,com.allinone.callerid,allowed,1,199764967,1
+12064532329,com.allinone.callerid,allowed,1,1987257,1
+31885016700,com.allinone.callerid,allowed,1,197430849,1
+31108920400,com.allinone.callerid,allowed,1,196645975,1
+12012010089,com.allinone.callerid,allowed,1,19509697,1
+18009149244,com.allinone.callerid,allowed,1,193474054,1
+31682262701,com.allinone.callerid,allowed,1,191179991,1
+31684776454,com.allinone.callerid,allowed,1,189462662,1
+31628784203,com.allinone.callerid,allowed,1,189133167,1
+18009475096,com.allinone.callerid,allowed,1,189062834,1
+31850501499,com.allinone.callerid,allowed,1,188764334,1
+31644677344,com.allinone.callerid,allowed,1,187975883,0,999993682
+18662423315,com.allinone.callerid,allowed,1,187232971,1
+31302061014,com.allinone.callerid,allowed,1,187214136,1
+31742045520,com.allinone.callerid,allowed,1,185994148,1
+31882111460,com.allinone.callerid,allowed,1,185725927,0,999993682
+17135686986,com.allinone.callerid,allowed,1,185509682,0,999993682
+31702171046,com.allinone.callerid,allowed,1,185431957,1
+31182200013,com.allinone.callerid,allowed,1,185287237,0,999993682
+31702071023,com.allinone.callerid,allowed,1,184485912,1
+18669513700,com.allinone.callerid,allowed,1,183867216,1
+31646455395,com.allinone.callerid,allowed,1,183104038,0,999993682
+31628877018,com.allinone.callerid,allowed,1,182196856,1
+31628282952,com.allinone.callerid,allowed,1,182086945,1
+31850870713,com.allinone.callerid,allowed,1,180265903,1
+31683558391,com.allinone.callerid,allowed,1,18007493,0,999993682
+18005812620,com.allinone.callerid,allowed,1,179682016,1
+31352019505,com.allinone.callerid,allowed,1,179517984,0,999993682
+31627840569,com.allinone.callerid,allowed,1,178934097,0,999993682
+31887751600,com.allinone.callerid,allowed,1,1744349,1
+18775875726,com.callapp.contacts,timeout,22,15616369,1
+31182200013,com.callapp.contacts,timeout,10,89908576,1
+18009378997,com.callapp.contacts,timeout,10,3383553,1
+17189356740,com.callapp.contacts,timeout,10,303056,1
+16147582335,com.callapp.contacts,allowed,7,68817687,0,997741222
+31202119920,com.callapp.contacts,allowed,6,825716019,1
+18776983261,com.callapp.contacts,allowed,6,488982201,0,997772634
+31332137540,com.callapp.contacts,allowed,6,31916976,0,997756898
+18442069035,com.callapp.contacts,allowed,5,84680891,0,997756898
+31207060014,com.callapp.contacts,allowed,5,830368042,1
+31534876888,com.callapp.contacts,allowed,5,818861008,0,997813761
+31617407181,com.callapp.contacts,allowed,5,817479134,0,997772634
+18889346489,com.callapp.contacts,allowed,5,476552963,0,997756898
+31402071474,com.callapp.contacts,allowed,4,944923878,1
+18557077328,com.callapp.contacts,allowed,4,924958944,0,997741222
+18558953393,com.callapp.contacts,allowed,4,876599073,0,997772634
+18779473639,com.callapp.contacts,allowed,4,755314827,0,997756898
+13033238692,com.callapp.contacts,allowed,4,611061096,1
+31202091180,com.callapp.contacts,allowed,4,509357929,0,997756898
+31628784203,com.callapp.contacts,allowed,4,489239931,1
+31103180407,com.callapp.contacts,allowed,4,160418034,1
+18009475096,com.callapp.contacts,allowed,4,080513954,1
+18002927508,com.callapp.contacts,allowed,3,956056118,0,997772634
+18335258081,com.callapp.contacts,blocked,3,935544968,0,999998748
+31103180406,com.callapp.contacts,blocked,3,877243996,1
+31202134531,com.callapp.contacts,allowed,3,824157953,0,997756898
+18662507212,com.callapp.contacts,allowed,3,780846119,0,997756898
+16058844130,com.callapp.contacts,blocked,3,461368084,0,999999285
+18554197365,com.callapp.contacts,blocked,3,376023054,1
+18882224227,com.callapp.contacts,allowed,3,337001085,0,997813761
+31850501499,com.callapp.contacts,allowed,3,305240631,0,997772634
+18009149244,com.callapp.contacts,allowed,3,302488089,1
+31628282952,com.callapp.contacts,allowed,3,22852397,1
+18003219637,com.callapp.contacts,allowed,3,214609385,1
+31202279303,com.callapp.contacts,allowed,3,198466063,1
+12065390456,com.callapp.contacts,allowed,3,13401413,1
+18009423767,com.callapp.contacts,allowed,3,111886978,0,997813761
+12012010089,com.callapp.contacts,allowed,3,092017889,1
+18102725120,com.callapp.contacts,allowed,3,083275795,1
+18005812620,com.callapp.contacts,blocked,3,077476978,1
+18665320423,com.callapp.contacts,allowed,3,013747215,1
+18003535920,com.callapp.contacts,blocked,2,993374825,0,999999285
+31202265194,com.callapp.contacts,blocked,2,992328882,1
+31684776454,com.callapp.contacts,allowed,2,944036007,1
+18776478552,com.callapp.contacts,allowed,2,942497969,0,997756898
+18662423315,com.callapp.contacts,allowed,2,936884165,0,997756898
+31623197835,com.callapp.contacts,allowed,2,832297087,1
+31103188856,com.callapp.contacts,allowed,2,799749136,1
+31302061014,com.callapp.contacts,allowed,2,779557228,1
+31402291122,com.callapp.contacts,allowed,2,77561903,1
+31646455395,com.callapp.contacts,allowed,2,728600025,1
+15862500071,com.callapp.contacts,allowed,2,687638998,1
+31612616455,com.callapp.contacts,allowed,2,681355,1
+18558440114,com.callapp.contacts,blocked,2,632256985,0,999996662
+18669513700,com.callapp.contacts,blocked,2,614575148,1
+18669145806,com.callapp.contacts,allowed,2,597311974,0,997756898
+31682262701,com.callapp.contacts,allowed,2,583257198,1
+31857325695,com.callapp.contacts,allowed,2,550403833,1
+31352019505,com.callapp.contacts,allowed,2,536854029,1
+12064532329,com.callapp.contacts,allowed,2,53470993,0,999992192
+31627840569,com.callapp.contacts,allowed,2,523066759,1
+18442068573,com.callapp.contacts,allowed,2,51407218,1
+31570768301,com.callapp.contacts,blocked,2,506523132,1
+18008068840,com.callapp.contacts,allowed,2,499022007,1
+18009460332,com.callapp.contacts,allowed,2,451263905,0,964934409
+18553066998,com.callapp.contacts,allowed,2,436871052,1
+31850870713,com.callapp.contacts,allowed,2,436827898,1
+17135686986,com.callapp.contacts,allowed,2,421247005,1
+31625277365,com.callapp.contacts,allowed,2,420828104,1
+31332096712,com.callapp.contacts,allowed,2,400297165,1
+31134634900,com.callapp.contacts,allowed,2,342348099,1
+13132631171,com.callapp.contacts,allowed,2,340444803,1
+31332096980,com.callapp.contacts,allowed,2,337749004,1
+31644196164,com.callapp.contacts,allowed,2,314623117,1
+15052530591,com.callapp.contacts,allowed,2,307807207,1
+31108920400,com.callapp.contacts,allowed,2,278767109,1
+31702171046,com.callapp.contacts,blocked,2,229609013,1
+31620348959,com.callapp.contacts,allowed,2,223378897,1
+18888996650,com.callapp.contacts,allowed,2,216300964,1
+31887226600,com.callapp.contacts,allowed,2,172700882,1
+31683558391,com.callapp.contacts,allowed,2,165658951,1
+31852087866,com.callapp.contacts,allowed,2,164596796,1
+31307125776,com.callapp.contacts,allowed,2,160485029,0,997772634
+31332096457,com.callapp.contacts,allowed,2,123775959,1
+31580502130,com.callapp.contacts,allowed,2,122716188,1
+17204563720,com.callapp.contacts,allowed,2,121677637,1
+31882111460,com.callapp.contacts,allowed,2,106480122,1
+31742045520,com.callapp.contacts,allowed,2,075982094,1
+31316550003,com.callapp.contacts,allowed,2,058845997,1
+31702071241,com.callapp.contacts,allowed,2,03015399,1
+31628877018,com.callapp.contacts,allowed,2,001657724,1
+31683827962,com.callapp.contacts,allowed,1,985146761,0,997756898
+31702071023,com.callapp.contacts,allowed,1,982336998,0,997756898
+31644677344,com.callapp.contacts,allowed,1,932462931,0,999992192
+18778235399,com.callapp.contacts,allowed,1,92038393,1
+18666257291,com.callapp.contacts,allowed,1,883008003,0,997756898
+31882716420,com.callapp.contacts,allowed,1,871943951,0,997772634
+31885016700,com.callapp.contacts,allowed,1,817852974,1
+31850870183,com.callapp.contacts,allowed,1,801282883,0,997741222
+31887751600,com.callapp.contacts,allowed,1,79210186,1
+18009423767,com.callerid.block,blocked,2,012170076,0,999998748
+16058844130,com.callerid.block,blocked,1,598536968,0,999998748
+18009460332,com.callerid.block,blocked,1,544187069,0,999998748
+31857325695,com.callerid.block,blocked,1,539999008,0,999998748
+18779473639,com.callerid.block,blocked,1,534387112,0,999998748
+18003219637,com.callerid.block,blocked,1,520999908,0,999998748
+18666257291,com.callerid.block,blocked,1,503638029,0,999998748
+18775875726,com.callerid.block,blocked,1,496526241,0,999998748
+18558953393,com.callerid.block,blocked,1,495002031,0,999998748
+18888996650,com.callerid.block,blocked,1,494314909,0,999998748
+18665320423,com.callerid.block,blocked,1,480768919,0,999998748
+18882224227,com.callerid.block,blocked,1,477540016,0,999998748
+18002927508,com.callerid.block,blocked,1,470342875,0,999998748
+18442069035,com.callerid.block,blocked,1,462425232,0,999998748
+18442068573,com.callerid.block,blocked,1,460386038,0,999998748
+18776983261,com.callerid.block,blocked,1,448633194,0,999998748
+18335258081,com.callerid.block,blocked,1,443772078,0,999998748
+18776478552,com.callerid.block,blocked,1,441305876,0,999998748
+18008068840,com.callerid.block,blocked,1,440043211,0,999998748
+18009378997,com.callerid.block,blocked,1,438680887,0,999998748
+15052530591,com.callerid.block,blocked,1,437128305,0,999998748
+17204563720,com.callerid.block,blocked,1,436354876,0,999998748
+18553066998,com.callerid.block,blocked,1,43594408,0,999998748
+18557077328,com.callerid.block,blocked,1,435365915,0,999998748
+18889346489,com.callerid.block,blocked,1,435022831,0,999998748
+18554197365,com.callerid.block,blocked,1,434825897,0,999998748
+17189356740,com.callerid.block,blocked,1,434745073,0,999998748
+18662507212,com.callerid.block,blocked,1,43305397,0,999998748
+18669145806,com.callerid.block,blocked,1,432554245,0,999998748
+18102725120,com.callerid.block,blocked,1,431135893,0,999998748
+18778235399,com.callerid.block,blocked,1,428174973,0,999998748
+13033238692,com.callerid.block,blocked,1,428092957,1
+12065390456,com.callerid.block,allowed,1,365418911,0,999999225
+18662423315,com.callerid.block,allowed,1,341338873,0,999999225
+31702171046,com.callerid.block,allowed,1,340435028,0,999999225
+31617407181,com.callerid.block,allowed,1,339663029,0,999999225
+31702071023,com.callerid.block,allowed,1,337562799,0,999999225
+17135686986,com.callerid.block,allowed,1,33739996,0,999999225
+31202279303,com.callerid.block,allowed,1,333212852,0,999999225
+31620348959,com.callerid.block,allowed,1,325226068,0,999999225
+31644196164,com.callerid.block,allowed,1,325097084,0,999999225
+31887226600,com.callerid.block,allowed,1,324193954,0,999999225
+31882111460,com.callerid.block,allowed,1,323034048,0,999999225
+31207060014,com.callerid.block,allowed,1,321200848,0,999999225
+31332137540,com.callerid.block,allowed,1,320167065,0,999999225
+31332096980,com.callerid.block,allowed,1,313266277,0,999999225
+18003535920,com.callerid.block,allowed,1,28985405,0,999999225
+13132631171,com.callerid.block,allowed,1,286894083,0,999999225
+31307125776,com.callerid.block,allowed,1,275763035,0,999999225
+31628282952,com.callerid.block,allowed,1,268002748,0,999999225
+31885016700,com.callerid.block,allowed,1,265051126,0,999999225
+31628784203,com.callerid.block,allowed,1,264485121,0,999999225
+18558440114,com.callerid.block,allowed,1,26400733,0,999999225
+31683558391,com.callerid.block,allowed,1,258067131,0,999999225
+31302061014,com.callerid.block,allowed,1,257952213,0,999999225
+31646455395,com.callerid.block,allowed,1,257194042,0,999999225
+31683827962,com.callerid.block,allowed,1,25375104,0,999999225
+31684776454,com.callerid.block,allowed,1,253278017,0,999999225
+31852087866,com.callerid.block,allowed,1,253225088,0,999999225
+31623197835,com.callerid.block,allowed,1,251835823,0,999999225
+31887751600,com.callerid.block,allowed,1,251183271,0,999999225
+31103188856,com.callerid.block,allowed,1,25087285,0,999999225
+31742045520,com.callerid.block,allowed,1,250494003,0,999999225
+15862500071,com.callerid.block,allowed,1,250373125,0,999999225
+31882716420,com.callerid.block,allowed,1,249404192,0,999999225
+31644677344,com.callerid.block,allowed,1,249382973,0,999999225
+31612616455,com.callerid.block,allowed,1,248557091,0,999999225
+31850870713,com.callerid.block,allowed,1,248119116,0,999999225
+18669513700,com.callerid.block,allowed,1,247951031,0,999999225
+18005812620,com.callerid.block,allowed,1,247838974,0,999999225
+31402291122,com.callerid.block,allowed,1,246052027,0,999999225
+31627840569,com.callerid.block,allowed,1,244854927,0,999999225
+31850870183,com.callerid.block,allowed,1,24405694,0,999999225
+18009149244,com.callerid.block,allowed,1,241799116,0,999999225
+31202119920,com.callerid.block,allowed,1,24165678,0,999999225
+18009475096,com.callerid.block,allowed,1,241615057,0,999999225
+31402071474,com.callerid.block,allowed,1,241363049,0,999999225
+31108920400,com.callerid.block,allowed,1,241099834,0,999999225
+31134634900,com.callerid.block,allowed,1,240219831,0,999999225
+31202134531,com.callerid.block,allowed,1,240205765,0,999999225
+31682262701,com.callerid.block,allowed,1,239459038,0,999999225
+31202091180,com.callerid.block,allowed,1,238741875,0,999999225
+31850501499,com.callerid.block,allowed,1,237999916,0,999999225
+31352019505,com.callerid.block,allowed,1,237604141,0,999999225
+31332096712,com.callerid.block,allowed,1,237273216,0,999999225
+12064532329,com.callerid.block,allowed,1,236589909,0,999999225
+31182200013,com.callerid.block,allowed,1,235492945,0,999999225
+31702071241,com.callerid.block,allowed,1,235102892,0,999999225
+31103180406,com.callerid.block,allowed,1,23402071,0,999999225
+31316550003,com.callerid.block,allowed,1,23382926,0,999999225
+16147582335,com.callerid.block,allowed,1,23331809,0,999999225
+31202265194,com.callerid.block,allowed,1,232419968,0,999999225
+12012010089,com.callerid.block,allowed,1,231889009,0,999999225
+31628877018,com.callerid.block,allowed,1,231498003,0,999999225
+31570768301,com.callerid.block,allowed,1,230104208,0,999999225
+31534876888,com.callerid.block,allowed,1,229220152,0,999999225
+31332096457,com.callerid.block,allowed,1,228287935,0,999999225
+31103180407,com.callerid.block,allowed,1,227844954,0,999999225
+31625277365,com.callerid.block,allowed,1,222984076,0,999999225
+31580502130,com.callerid.block,allowed,1,220572233,0,999999225
+18009423767,com.mglab.scm,blocked,0,203364134,1
+18442068573,com.mglab.scm,blocked,0,12406683,1
+18002927508,com.mglab.scm,blocked,0,123319864,1
+18553066998,com.mglab.scm,blocked,0,122804165,1
+18009149244,com.mglab.scm,blocked,0,122761011,1
+18665320423,com.mglab.scm,blocked,0,122354031,1
+18335258081,com.mglab.scm,blocked,0,117287874,1
+18669513700,com.mglab.scm,blocked,0,113999844,1
+18009378997,com.mglab.scm,blocked,0,113283157,1
+18009475096,com.mglab.scm,blocked,0,11154604,1
+18005812620,com.mglab.scm,blocked,0,108503819,1
+13132631171,com.mglab.scm,blocked,0,107777119,1
+18775875726,com.mglab.scm,blocked,0,106808901,1
+18669145806,com.mglab.scm,blocked,0,10634017,1
+18557077328,com.mglab.scm,blocked,0,10150075,1
+18882224227,com.mglab.scm,blocked,0,101251841,1
+17204563720,com.mglab.scm,blocked,0,100445747,1
+16058844130,com.mglab.scm,blocked,0,098078251,1
+18666257291,com.mglab.scm,blocked,0,097993135,1
+15862500071,com.mglab.scm,blocked,0,095729828,1
+12064532329,com.mglab.scm,blocked,0,095686197,1
+18442069035,com.mglab.scm,blocked,0,095094919,1
+18558440114,com.mglab.scm,blocked,0,091825008,1
+18662507212,com.mglab.scm,blocked,0,08706212,1
+18888996650,com.mglab.scm,blocked,0,086400032,1
+18776478552,com.mglab.scm,blocked,0,079485893,1
+18003535920,com.mglab.scm,allowed,0,1
+18558953393,com.mglab.scm,allowed,0,1
+18003219637,com.mglab.scm,allowed,0,1
+18889346489,com.mglab.scm,allowed,0,1
+18554197365,com.mglab.scm,allowed,0,1
+18009460332,com.mglab.scm,allowed,0,1
+18662423315,com.mglab.scm,allowed,0,1
+17135686986,com.mglab.scm,allowed,0,1
+16147582335,com.mglab.scm,allowed,0,1
+17189356740,com.mglab.scm,allowed,0,1
+18776983261,com.mglab.scm,allowed,0,1
+15052530591,com.mglab.scm,allowed,0,1
+12065390456,com.mglab.scm,allowed,0,1
+18779473639,com.mglab.scm,allowed,0,1
+12012010089,com.mglab.scm,allowed,0,1
+18008068840,com.mglab.scm,allowed,0,1
+18102725120,com.mglab.scm,allowed,0,1
+13033238692,com.mglab.scm,allowed,0,1
+18778235399,com.mglab.scm,allowed,0,1
+31103180406,com.mglab.scm,allowed,0,1
+31103180407,com.mglab.scm,allowed,0,1
+31103188856,com.mglab.scm,allowed,0,1
+31108920400,com.mglab.scm,allowed,0,1
+31134634900,com.mglab.scm,allowed,0,1
+31182200013,com.mglab.scm,allowed,0,1
+31202091180,com.mglab.scm,allowed,0,1
+31202119920,com.mglab.scm,allowed,0,1
+31202134531,com.mglab.scm,allowed,0,1
+31202265194,com.mglab.scm,allowed,0,1
+31202279303,com.mglab.scm,allowed,0,1
+31207060014,com.mglab.scm,allowed,0,1
+31302061014,com.mglab.scm,allowed,0,1
+31307125776,com.mglab.scm,allowed,0,1
+31316550003,com.mglab.scm,allowed,0,1
+31332096457,com.mglab.scm,allowed,0,1
+31332096712,com.mglab.scm,allowed,0,1
+31332096980,com.mglab.scm,allowed,0,1
+31332137540,com.mglab.scm,allowed,0,1
+31352019505,com.mglab.scm,allowed,0,1
+31402071474,com.mglab.scm,allowed,0,1
+31402291122,com.mglab.scm,allowed,0,1
+31534876888,com.mglab.scm,allowed,0,1
+31570768301,com.mglab.scm,allowed,0,1
+31580502130,com.mglab.scm,allowed,0,1
+31612616455,com.mglab.scm,allowed,0,1
+31617407181,com.mglab.scm,allowed,0,1
+31620348959,com.mglab.scm,allowed,0,1
+31623197835,com.mglab.scm,allowed,0,1
+31625277365,com.mglab.scm,allowed,0,1
+31627840569,com.mglab.scm,allowed,0,1
+31628282952,com.mglab.scm,allowed,0,1
+31628784203,com.mglab.scm,allowed,0,1
+31628877018,com.mglab.scm,allowed,0,1
+31644196164,com.mglab.scm,allowed,0,1
+31644677344,com.mglab.scm,allowed,0,1
+31646455395,com.mglab.scm,allowed,0,1
+31682262701,com.mglab.scm,allowed,0,1
+31683558391,com.mglab.scm,allowed,0,1
+31683827962,com.mglab.scm,allowed,0,1
+31684776454,com.mglab.scm,allowed,0,1
+31702071023,com.mglab.scm,allowed,0,1
+31702071241,com.mglab.scm,allowed,0,1
+31702171046,com.mglab.scm,allowed,0,1
+31742045520,com.mglab.scm,allowed,0,1
+31850501499,com.mglab.scm,allowed,0,1
+31850870183,com.mglab.scm,allowed,0,1
+31850870713,com.mglab.scm,allowed,0,1
+31852087866,com.mglab.scm,allowed,0,1
+31857325695,com.mglab.scm,allowed,0,1
+31882111460,com.mglab.scm,allowed,0,1
+31882716420,com.mglab.scm,allowed,0,1
+31885016700,com.mglab.scm,allowed,0,1
+31887226600,com.mglab.scm,allowed,0,1
+31887751600,com.mglab.scm,allowed,0,1
+31620348959,com.telguarder,allowed,3,215679169,0,999999106
+31612616455,com.telguarder,allowed,2,530015945,0,999999106
+31617407181,com.telguarder,allowed,2,466629744,0,999999106
+18009423767,com.telguarder,caution,2,328597069,1
+12064532329,com.telguarder,caution,2,185051203,0,999997854
+18009475096,com.telguarder,caution,2,146765947,0,999997854
+18005812620,com.telguarder,caution,2,138719082,0,999997854
+31108920400,com.telguarder,blocked,2,004929066,1
+31628877018,com.telguarder,allowed,1,842312813,0,999999106
+31332096980,com.telguarder,allowed,1,83522296,0,999999106
+31352019505,com.telguarder,allowed,1,811496019,1
+18882224227,com.telguarder,caution,1,673181295,0,999997854
+31852087866,com.telguarder,caution,1,57301712,1
+18442069035,com.telguarder,caution,1,568888187,0,999997854
+18558953393,com.telguarder,caution,1,538108826,0,999997854
+18009149244,com.telguarder,caution,1,535846949,0,999997854
+31202279303,com.telguarder,caution,1,535815001,0,999997854
+18666257291,com.telguarder,caution,1,52422595,0,999997854
+18335258081,com.telguarder,caution,1,524026155,1
+13132631171,com.telguarder,caution,1,523805141,0,999997854
+31307125776,com.telguarder,caution,1,521106005,0,999997854
+18553066998,com.telguarder,caution,1,51578784,0,999997854
+31683558391,com.telguarder,caution,1,515627146,0,999997854
+18775875726,com.telguarder,caution,1,512379885,0,999997854
+31207060014,com.telguarder,caution,1,51098609,0,999997854
+18002927508,com.telguarder,caution,1,505225897,0,999997854
+31202119920,com.telguarder,caution,1,502992153,0,999997854
+18889346489,com.telguarder,caution,1,500023127,0,999997854
+18442068573,com.telguarder,caution,1,494313002,0,999997854
+18669513700,com.telguarder,caution,1,493853092,0,999997854
+18669145806,com.telguarder,caution,1,492961168,0,999997854
+18102725120,com.telguarder,caution,1,492231846,0,999997854
+18009460332,com.telguarder,caution,1,491594315,0,999997854
+18554197365,com.telguarder,caution,1,491333008,1
+18662423315,com.telguarder,caution,1,488251925,0,999997854
+18557077328,com.telguarder,caution,1,48691678,0,999997854
+16147582335,com.telguarder,caution,1,483966827,0,999997854
+31202134531,com.telguarder,caution,1,482082129,0,999997854
+15862500071,com.telguarder,caution,1,481055021,0,999997854
+18778235399,com.telguarder,caution,1,479839087,0,999997854
+31332096712,com.telguarder,caution,1,479374886,0,999997854
+31182200013,com.telguarder,caution,1,477581024,0,999997854
+18779473639,com.telguarder,caution,1,475883961,0,999997854
+31302061014,com.telguarder,caution,1,472831011,0,999997854
+18888996650,com.telguarder,blocked,1,397519112,1
+16058844130,com.telguarder,blocked,1,397506714,1
+31850870713,com.telguarder,blocked,1,387230873,1
+18003535920,com.telguarder,blocked,1,385372877,1
+18662507212,com.telguarder,blocked,1,369122267,1
+31103180407,com.telguarder,blocked,1,363959789,1
+31887751600,com.telguarder,blocked,1,361639023,1
+31402291122,com.telguarder,blocked,1,342405081,1
+31857325695,com.telguarder,blocked,1,34094286,0,999997139
+31702071023,com.telguarder,blocked,1,340046167,1
+31742045520,com.telguarder,blocked,1,338994026,1
+18558440114,com.telguarder,blocked,1,338445902,1
+31887226600,com.telguarder,blocked,1,336793184,1
+31644677344,com.telguarder,blocked,1,329365969,1
+31850870183,com.telguarder,blocked,1,328509092,1
+12012010089,com.telguarder,blocked,1,32783699,0,999997139
+31702071241,com.telguarder,blocked,1,327042103,1
+31316550003,com.telguarder,blocked,1,326234102,1
+31103180406,com.telguarder,blocked,1,325978994,1
+17135686986,com.telguarder,blocked,1,324844122,1
+18003219637,com.telguarder,blocked,1,322825193,1
+31570768301,com.telguarder,blocked,1,313527107,1
+31202091180,com.telguarder,blocked,1,312508106,1
+18665320423,com.telguarder,allowed,1,236521006,0,999999106
+31644196164,com.telguarder,allowed,1,218045235,0,999999106
+31580502130,com.telguarder,allowed,1,216598988,0,999999106
+31623197835,com.telguarder,allowed,1,195215702,0,999999106
+31103188856,com.telguarder,allowed,1,194561005,0,999999106
+31134634900,com.telguarder,allowed,1,189846039,0,999999106
+31702171046,com.telguarder,allowed,1,184802771,0,999999106
+18009378997,com.telguarder,allowed,1,182770014,0,999999106
+31683827962,com.telguarder,allowed,1,181369066,0,999999106
+17204563720,com.telguarder,allowed,1,177408934,1
+31682262701,com.telguarder,allowed,1,177353144,1
+31202265194,com.telguarder,allowed,1,175335884,0,999999106
+31684776454,com.telguarder,allowed,1,174785852,0,999999106
+12065390456,com.telguarder,allowed,1,173539877,0,999999106
+31332137540,com.telguarder,allowed,1,172556877,1
+17189356740,com.telguarder,allowed,1,171374798,0,999999106
+31882111460,com.telguarder,allowed,1,171182156,1
+18776478552,com.telguarder,allowed,1,170001984,0,999999106
+31882716420,com.telguarder,allowed,1,168622255,1
+15052530591,com.telguarder,allowed,1,168464184,0,999999106
+31534876888,com.telguarder,allowed,1,167756081,0,999999106
+31627840569,com.telguarder,allowed,1,167198896,0,999999106
+31628282952,com.telguarder,allowed,1,166718006,0,999999106
+31402071474,com.telguarder,allowed,1,165993214,1
+18008068840,com.telguarder,allowed,1,164441109,1
+31646455395,com.telguarder,allowed,1,164070129,0,999999106
+31332096457,com.telguarder,allowed,1,16160512,0,999999106
+13033238692,com.telguarder,allowed,1,160098076,0,999999106
+18776983261,com.telguarder,allowed,1,158538103,0,999999106
+31885016700,com.telguarder,allowed,1,158269882,0,999999106
+31625277365,com.telguarder,allowed,1,151236057,0,999999106
+31850501499,com.telguarder,allowed,1,149619102,0,999999106
+31628784203,com.telguarder,allowed,1,140743971,0,999999106
+18009423767,com.webascender.callerid,allowed,1,470743179,0,999998927
+18558440114,com.webascender.callerid,blocked,1,28792119,0,999999523
+31683827962,com.webascender.callerid,blocked,1,281054974,1
+13132631171,com.webascender.callerid,allowed,1,263692141,0,99999994
+18662507212,com.webascender.callerid,blocked,1,255342245,0,999999523
+31885016700,com.webascender.callerid,blocked,1,253782988,1
+31850870183,com.webascender.callerid,blocked,1,25186801,0,975068331
+31850870713,com.webascender.callerid,blocked,1,250375986,1
+15052530591,com.webascender.callerid,blocked,1,249798059,1
+15862500071,com.webascender.callerid,blocked,1,24894619,1
+31644677344,com.webascender.callerid,blocked,1,248679876,1
+31202091180,com.webascender.callerid,blocked,1,246735811,1
+31702071023,com.webascender.callerid,blocked,1,245911837,1
+31207060014,com.webascender.callerid,blocked,1,245048046,1
+31202265194,com.webascender.callerid,blocked,1,244578123,1
+31570768301,com.webascender.callerid,blocked,1,244172096,1
+31302061014,com.webascender.callerid,blocked,1,24361968,1
+31103180407,com.webascender.callerid,blocked,1,240733862,1
+12012010089,com.webascender.callerid,blocked,1,240242243,1
+31683558391,com.webascender.callerid,blocked,1,236873865,1
+31332137540,com.webascender.callerid,blocked,1,236573935,1
+31857325695,com.webascender.callerid,blocked,1,234725952,1
+18778235399,com.webascender.callerid,blocked,1,232252359,0,999999523
+18888996650,com.webascender.callerid,allowed,1,231411934,0,99999994
+31702071241,com.webascender.callerid,blocked,1,22992897,1
+16147582335,com.webascender.callerid,blocked,1,227094889,1
+31887751600,com.webascender.callerid,blocked,1,225800276,1
+31202279303,com.webascender.callerid,blocked,1,225726843,1
+31108920400,com.webascender.callerid,blocked,1,222536325,1
+31316550003,com.webascender.callerid,blocked,1,220317125,1
+18008068840,com.webascender.callerid,blocked,1,218593121,0,999999523
+31682262701,com.webascender.callerid,blocked,1,218484163,1
+31402291122,com.webascender.callerid,blocked,1,216095924,1
+31742045520,com.webascender.callerid,blocked,1,213725805,1
+31103180406,com.webascender.callerid,blocked,1,213279963,0,975068331
+18882224227,com.webascender.callerid,allowed,1,12687397,0,99999994
+16058844130,com.webascender.callerid,allowed,1,118770838,0,99999994
+18558953393,com.webascender.callerid,allowed,1,102659941,0,99999994
+18003535920,com.webascender.callerid,allowed,1,101387024,0,99999994
+18335258081,com.webascender.callerid,allowed,1,10022831,0,99999994
+31684776454,com.webascender.callerid,allowed,1,099495888,0,99999994
+18776478552,com.webascender.callerid,allowed,1,097019196,0,99999994
+18003219637,com.webascender.callerid,allowed,1,093653917,1
+31332096980,com.webascender.callerid,allowed,1,092085123,0,99999994
+18009475096,com.webascender.callerid,allowed,1,091794014,0,99999994
+18442069035,com.webascender.callerid,allowed,1,089244843,0,99999994
+18666257291,com.webascender.callerid,allowed,1,088074446,0,99999994
+17135686986,com.webascender.callerid,allowed,1,087815046,0,99999994
+18665320423,com.webascender.callerid,allowed,1,085133076,1
+31623197835,com.webascender.callerid,allowed,1,083783865,0,999998927
+31202134531,com.webascender.callerid,allowed,1,082922935,0,99999994
+31332096457,com.webascender.callerid,allowed,1,082028627,0,999998927
+31852087866,com.webascender.callerid,allowed,1,081868172,0,99999994
+18669145806,com.webascender.callerid,allowed,1,081451893,1
+18009149244,com.webascender.callerid,allowed,1,080811024,0,99999994
+31702171046,com.webascender.callerid,allowed,1,079523802,0,999998927
+17189356740,com.webascender.callerid,allowed,1,078874111,0,99999994
+31352019505,com.webascender.callerid,allowed,1,078121901,0,99999994
+31332096712,com.webascender.callerid,allowed,1,076730251,0,99999994
+18669513700,com.webascender.callerid,allowed,1,075835228,1
+13033238692,com.webascender.callerid,allowed,1,075291872,0,99999994
+31202119920,com.webascender.callerid,allowed,1,075149059,0,999998927
+18662423315,com.webascender.callerid,allowed,1,075036049,1
+31887226600,com.webascender.callerid,allowed,1,07385087,0,999998927
+18776983261,com.webascender.callerid,allowed,1,073837042,1
+18009460332,com.webascender.callerid,allowed,1,073836088,0,99999994
+18775875726,com.webascender.callerid,allowed,1,072520018,0,99999994
+31625277365,com.webascender.callerid,allowed,1,072435856,1
+12065390456,com.webascender.callerid,allowed,1,072062254,0,99999994
+31644196164,com.webascender.callerid,allowed,1,07156086,0,99999994
+31134634900,com.webascender.callerid,allowed,1,071413755,0,99999994
+31580502130,com.webascender.callerid,allowed,1,070863247,0,99999994
+31617407181,com.webascender.callerid,allowed,1,069866896,0,99999994
+31628784203,com.webascender.callerid,allowed,1,069775105,0,99999994
+31402071474,com.webascender.callerid,allowed,1,06975174,0,99999994
+18889346489,com.webascender.callerid,allowed,1,066668987,0,99999994
+31850501499,com.webascender.callerid,allowed,1,065567017,0,99999994
+31627840569,com.webascender.callerid,allowed,1,064599037,0,99999994
+31882716420,com.webascender.callerid,allowed,1,064116001,0,99999994
+31182200013,com.webascender.callerid,allowed,1,064014673,0,99999994
+18557077328,com.webascender.callerid,allowed,1,063897133,0,99999994
+31103188856,com.webascender.callerid,allowed,1,063835859,0,99999994
+31534876888,com.webascender.callerid,allowed,1,063536882,0,99999994
+18005812620,com.webascender.callerid,allowed,1,063002825,0,99999994
+18442068573,com.webascender.callerid,allowed,1,062717915,0,99999994
+31882111460,com.webascender.callerid,allowed,1,062627077,1
+31628877018,com.webascender.callerid,allowed,1,062443972,0,99999994
+18553066998,com.webascender.callerid,allowed,1,061121225,0,99999994
+31628282952,com.webascender.callerid,allowed,1,058218002,1
+31307125776,com.webascender.callerid,allowed,1,056370974,0,99999994
+18779473639,com.webascender.callerid,allowed,1,054852962,0,99999994
+17204563720,com.webascender.callerid,allowed,1,054574966,0,99999994
+18002927508,com.webascender.callerid,allowed,1,054219723,0,99999994
+31620348959,com.webascender.callerid,allowed,1,052737713,0,99999994
+18009378997,com.webascender.callerid,allowed,1,052463055,0,999999046
+31612616455,com.webascender.callerid,allowed,1,051681042,0,99999994
+31646455395,com.webascender.callerid,allowed,1,051444054,0,99999994
+12064532329,com.webascender.callerid,allowed,1,048811913,0,99999994
+18554197365,com.webascender.callerid,allowed,1,048345089,0,99999994
+18102725120,com.webascender.callerid,allowed,1,048025131,0,99999994
+18003219637,org.mistergroup.shouldianswer,caution,2,167914867,0,999999106
+18778235399,org.mistergroup.shouldianswer,caution,2,16464901,1
+18009460332,org.mistergroup.shouldianswer,caution,2,151484966,1
+17135686986,org.mistergroup.shouldianswer,caution,2,148635864,0,999999106
+18009475096,org.mistergroup.shouldianswer,caution,2,135911226,0,999999106
+18669145806,org.mistergroup.shouldianswer,caution,2,130515814,1
+18003535920,org.mistergroup.shouldianswer,blocked,1,994264126,0,999829769
+18888996650,org.mistergroup.shouldianswer,blocked,1,935822964,0,999829769
+31103180406,org.mistergroup.shouldianswer,blocked,1,929932117,0,999827921
+18665320423,org.mistergroup.shouldianswer,blocked,1,92725873,0,999827921
+18558953393,org.mistergroup.shouldianswer,blocked,1,926158905,0,999829769
+17204563720,org.mistergroup.shouldianswer,blocked,1,9214921,0,999829769
+16058844130,org.mistergroup.shouldianswer,blocked,1,917962074,0,999829769
+31702071241,org.mistergroup.shouldianswer,blocked,1,915691137,0,999831676
+18776478552,org.mistergroup.shouldianswer,blocked,1,915106773,0,999829769
+18882224227,org.mistergroup.shouldianswer,blocked,1,913998842,0,999828815
+31332096712,org.mistergroup.shouldianswer,blocked,1,908346176,0,999831676
+13132631171,org.mistergroup.shouldianswer,blocked,1,903569937,0,999829769
+18558440114,org.mistergroup.shouldianswer,blocked,1,898886681,0,999828815
+18102725120,org.mistergroup.shouldianswer,blocked,1,89887023,0,999829769
+31207060014,org.mistergroup.shouldianswer,blocked,1,88883996,0,999829769
+31683827962,org.mistergroup.shouldianswer,blocked,1,888811111,0,999829769
+31850870713,org.mistergroup.shouldianswer,blocked,1,886224031,0,999829769
+31332096457,org.mistergroup.shouldianswer,blocked,1,885793924,0,999829769
+18442069035,org.mistergroup.shouldianswer,blocked,1,884183168,0,999829769
+31332137540,org.mistergroup.shouldianswer,blocked,1,883555889,0,999829769
+31644196164,org.mistergroup.shouldianswer,blocked,1,883369923,0,999831676
+18662507212,org.mistergroup.shouldianswer,blocked,1,882766724,0,999829769
+18666257291,org.mistergroup.shouldianswer,blocked,1,879402876,0,999828815
+31103180407,org.mistergroup.shouldianswer,blocked,1,878911972,0,999828815
+31580502130,org.mistergroup.shouldianswer,blocked,1,877671957,0,999829769
+31628784203,org.mistergroup.shouldianswer,blocked,1,874994993,0,999829769
+31202119920,org.mistergroup.shouldianswer,blocked,1,874855995,0,999827921
+16147582335,org.mistergroup.shouldianswer,blocked,1,87392211,0,999829769
+31627840569,org.mistergroup.shouldianswer,blocked,1,873283863,0,999831676
+13033238692,org.mistergroup.shouldianswer,blocked,1,873189211,0,999829769
+31850870183,org.mistergroup.shouldianswer,blocked,1,873118162,0,999829769
+31742045520,org.mistergroup.shouldianswer,blocked,1,8722682,0,999831676
+31402291122,org.mistergroup.shouldianswer,blocked,1,871089935,0,999829769
+18553066998,org.mistergroup.shouldianswer,blocked,1,871083021,0,999829769
+31857325695,org.mistergroup.shouldianswer,blocked,1,870374918,0,999831676
+18669513700,org.mistergroup.shouldianswer,blocked,1,870291948,0,999829769
+31108920400,org.mistergroup.shouldianswer,blocked,1,870069981,0,999829769
+31202279303,org.mistergroup.shouldianswer,blocked,1,869669914,0,999827921
+31646455395,org.mistergroup.shouldianswer,blocked,1,867990017,0,999829769
+12012010089,org.mistergroup.shouldianswer,blocked,1,867388248,0,999827921
+18009149244,org.mistergroup.shouldianswer,blocked,1,865572691,0,999827921
+31852087866,org.mistergroup.shouldianswer,blocked,1,865143061,0,999828815
+31332096980,org.mistergroup.shouldianswer,blocked,1,864970922,0,999829769
+31182200013,org.mistergroup.shouldianswer,blocked,1,864489079,0,999827921
+31103188856,org.mistergroup.shouldianswer,blocked,1,863884211,0,999829769
+15862500071,org.mistergroup.shouldianswer,blocked,1,86362195,0,999829769
+31628877018,org.mistergroup.shouldianswer,blocked,1,863584995,0,999829769
+31684776454,org.mistergroup.shouldianswer,blocked,1,863369942,0,999829769
+31885016700,org.mistergroup.shouldianswer,blocked,1,863349915,0,999831676
+18002927508,org.mistergroup.shouldianswer,blocked,1,863109827,0,999829769
+18005812620,org.mistergroup.shouldianswer,blocked,1,86241889,0,999827921
+31202091180,org.mistergroup.shouldianswer,blocked,1,862294912,0,999829769
+15052530591,org.mistergroup.shouldianswer,blocked,1,859857082,0,999829769
+31307125776,org.mistergroup.shouldianswer,blocked,1,859815121,0,999829769
+31702171046,org.mistergroup.shouldianswer,blocked,1,859168053,0,999829769
+31612616455,org.mistergroup.shouldianswer,blocked,1,85901475,0,999829769
+31617407181,org.mistergroup.shouldianswer,blocked,1,858052254,0,999829769
+31134634900,org.mistergroup.shouldianswer,blocked,1,857637167,0,999828815
+31316550003,org.mistergroup.shouldianswer,blocked,1,857292175,0,999829769
+31534876888,org.mistergroup.shouldianswer,blocked,1,856849909,0,999829769
+18008068840,org.mistergroup.shouldianswer,blocked,1,856558084,0,999829769
+18775875726,org.mistergroup.shouldianswer,blocked,1,85567379,0,999827921
+31302061014,org.mistergroup.shouldianswer,blocked,1,854558945,0,999829769
+31683558391,org.mistergroup.shouldianswer,blocked,1,853551865,0,999831676
+18662423315,org.mistergroup.shouldianswer,blocked,1,85316205,0,999829769
+31620348959,org.mistergroup.shouldianswer,blocked,1,85259223,0,999831676
+31402071474,org.mistergroup.shouldianswer,blocked,1,85033989,0,999828815
+31623197835,org.mistergroup.shouldianswer,blocked,1,849781036,0,999831676
+31352019505,org.mistergroup.shouldianswer,blocked,1,847173214,0,999831676
+31570768301,org.mistergroup.shouldianswer,blocked,1,846581936,0,999829769
+31682262701,org.mistergroup.shouldianswer,blocked,1,846447945,0,999831676
+31628282952,org.mistergroup.shouldianswer,blocked,1,846107244,0,999831676
+18442068573,org.mistergroup.shouldianswer,blocked,1,845630169,0,999828815
+31625277365,org.mistergroup.shouldianswer,blocked,1,844511747,0,999829769
+31882716420,org.mistergroup.shouldianswer,blocked,1,844021082,0,999829769
+18335258081,org.mistergroup.shouldianswer,blocked,1,840977907,0,999829769
+31882111460,org.mistergroup.shouldianswer,blocked,1,840928078,0,999830723
+31202134531,org.mistergroup.shouldianswer,blocked,1,835595131,0,999827921
+31202265194,org.mistergroup.shouldianswer,blocked,1,834353924,0,999827921
+31644677344,org.mistergroup.shouldianswer,blocked,1,834315062,0,999829769
+31850501499,org.mistergroup.shouldianswer,blocked,1,832962036,0,999831676
+31702071023,org.mistergroup.shouldianswer,blocked,1,83270216,0,999827921
+18009423767,org.mistergroup.shouldianswer,allowed,1,633972883,0,999023557
+12065390456,org.mistergroup.shouldianswer,allowed,1,62528491,0,99901849
+31887751600,org.mistergroup.shouldianswer,allowed,1,622457027,0,999023557
+18889346489,org.mistergroup.shouldianswer,allowed,1,621869087,0,999021053
+18554197365,org.mistergroup.shouldianswer,allowed,1,621030331,0,999021053
+12064532329,org.mistergroup.shouldianswer,allowed,1,606825352,0,999021053
+18779473639,org.mistergroup.shouldianswer,allowed,1,60395503,0,999021053
+17189356740,org.mistergroup.shouldianswer,allowed,1,601451874,0,999021053
+18776983261,org.mistergroup.shouldianswer,allowed,1,595292807,0,999021053
+18009378997,org.mistergroup.shouldianswer,allowed,1,593131065,0,999021053
+31887226600,org.mistergroup.shouldianswer,allowed,1,592623234,0,99901849
+18557077328,org.mistergroup.shouldianswer,allowed,1,58896184,0,999021053